raw_0,normalised_0
33.89313915660505,0.14005429403555808
